22,KHAN_A,AY KHAN,8454942855,8454942855,"",khan_a@gmail.com,t,2022-06-25 11:27:54.497684+05:30,2022-06-25 11:27:54.497693+05:30,1,1,57
54,ANSHUMAN_PS,ANSHUMAN & CO.,9812547895,9812547895,"",anshuman_ps@gmail.com,t,2022-06-28 11:52:18.142497+05:30,2022-06-28 11:52:18.142577+05:30,1,,154
23,KHAN_C,AY KHAN,8454942855,8454942855,"",khan_c@gmail.com,t,2022-06-27 13:39:03.351702+05:30,2022-06-27 13:39:03.351712+05:30,1,1,60
24,KHAN_B,AY KHAN,9812547895,9812547895,"",khan_b@gmail.com,t,2022-06-27 13:39:57.435329+05:30,2022-06-27 13:39:57.435337+05:30,1,1,59
55,WASTECARE_GN,WASTECARE,9812547895,9812547895,"",wastecare_gn@gmail.com,t,2022-06-29 16:56:30.263914+05:30,2022-06-29 16:56:30.263939+05:30,1,,65
56,RAKSHIT INFRA,RAKSHIT INFRASTUCTURE,9812547895,9812547895,"",rakshitinfra@gmail.com,t,2022-07-01 14:39:23.755948+05:30,2022-07-01 14:39:23.756022+05:30,1,,161
21,KMS_L,KMS,8454942855,8454942855,"",kms_l@gmail.com,t,2022-06-27 13:47:50.977928+05:30,2022-06-27 13:47:50.977935+05:30,1,1,71
26,CLEAN HARBOUR_E,CLEAN HARBOUR,9812547895,9812547895,"",cleanharbour_e@gmail.com,t,2022-06-27 13:48:18.252074+05:30,2022-06-27 13:48:18.252081+05:30,1,1,62
25,CLEAN HARBOUR_D,CLEAN HARBOUR,9812547895,9812547895,"",cleanharbour_d@gmail.com,t,2022-06-27 13:48:24.330361+05:30,2022-06-27 13:48:24.330371+05:30,1,1,61
31,ME-RAAJ_HW,ME-RAAJ,9812547895,9812547895,"",meeraaj_hw@gmail.com,t,2022-06-27 13:48:34.364628+05:30,2022-06-27 13:48:34.364638+05:30,1,1,68
27,WASTELINE_FN,WASTELINE,9812547895,9812547895,"",wasteline_fn@gmail.com,t,2022-06-27 13:48:44.854075+05:30,2022-06-27 13:48:44.854085+05:30,1,1,63
28,WASTELINE_FS,WASTELINE,9812547895,9812547895,"",wasteline_fs@gmail.com,t,2022-06-27 13:48:53.344112+05:30,2022-06-27 13:48:53.344119+05:30,1,1,64
29,WASTELINE_GS,WASTELINE,9812547895,9812547895,"",wasteline_gs@gmail.com,t,2022-06-27 13:49:02.055192+05:30,2022-06-27 13:49:02.055195+05:30,1,1,66
32,STC-ETC-MAE_ME,STC-ETC-MAE,9812547895,9812547895,"",stcetc_me@gmail.com,t,2022-06-27 13:50:03.899357+05:30,2022-06-27 13:50:03.899374+05:30,1,,72
33,STC-ETC-MAE_MW,STC-ETC-MAE,9812547895,9812547895,"",stcetc_mw@gmail.com,t,2022-06-27 13:50:40.660131+05:30,2022-06-27 13:50:40.660165+05:30,1,,73
30,ME-RAAJ_HE,ME-RAAJ,9812547895,9812547895,"",meeraaj_he@gmail.com,t,2022-06-27 15:40:44.276697+05:30,2022-06-27 15:40:44.276706+05:30,1,1,67
34,ZEROWASTE_KE,ZEROWASTE,9812547895,9812547895,"",zerowaste_ke@gmail.com,t,2022-06-27 16:57:38.245035+05:30,2022-06-27 16:57:38.245085+05:30,1,,69
35,REFUSECARE_KW,REFUSECARE,9812547895,9812547895,"",refusecare_kw@gmail.com,t,2022-06-27 16:58:27.442802+05:30,2022-06-27 16:58:27.442838+05:30,1,,70
36,PWG_PN,PWG,9812547895,9812547895,"",pwg_pn@gmail.com,t,2022-06-27 16:59:42.906756+05:30,2022-06-27 16:59:42.906792+05:30,1,,76
37,PWG_PS,PWG,9812547895,9812547895,"",pwg_ps@gmail.com,t,2022-06-27 17:00:07.142349+05:30,2022-06-27 17:00:07.142383+05:30,1,,77
38,WASTECARE_N,WASTECARE,9812547895,9812547895,"",wastecare_n@gmail.com,t,2022-06-27 17:00:47.896022+05:30,2022-06-27 17:00:47.896044+05:30,1,,74
39,WASTECARE_S,WASTECARE,9812547895,9812547895,"",wastecare_s@gmail.com,t,2022-06-27 17:01:08.21058+05:30,2022-06-27 17:01:08.210614+05:30,1,,75
40,MWH-DIA INFRA_T,MWH-DIA INFRA,9812547895,9812547895,"",mwhdia_t@gmail.com,t,2022-06-27 17:02:00.647865+05:30,2022-06-27 17:02:00.647908+05:30,1,,142
41,TSW ROADLINES,TSW ROADLINES,9812547895,9812547895,"",tswroadlines@gmail.com,t,2022-06-27 17:03:02.742664+05:30,2022-06-27 17:03:02.742684+05:30,1,,134
42,GREENVIRO,GREENVIRO,9812547895,9812547895,"",greenviro@gmail.com,t,2022-06-27 17:09:31.083995+05:30,2022-06-27 17:09:31.084004+05:30,1,1,146
45,SUPERWAYS_B,SUPERWAYS,9812547895,9812547895,"",superways_b@gmail.com,t,2022-06-28 11:46:33.2718+05:30,2022-06-28 11:46:33.271837+05:30,1,,156
44,SUPERWAYS_A,SUPERWAYS,9812547895,9812547895,"",superways_a@gmail.com,t,2022-06-28 11:46:49.952834+05:30,2022-06-28 11:46:49.952845+05:30,1,1,155
43,AG ENVIRO_RC_RN,AG ENVIRO,9812547895,9812547895,"",agenviro_rc_rn@gmail.com,t,2022-06-28 11:47:03.306188+05:30,2022-06-28 11:47:03.306193+05:30,1,1,133
46,SUPERWAYS_C,SUPERWAYS,9812547895,9812547895,"",superways_c@gmail.com,t,2022-06-28 11:47:33.929317+05:30,2022-06-28 11:47:33.929336+05:30,1,,157
47,SUPERWAYS_D,SUPERWAYS,9812547895,9812547895,"",superways_d@gmail.com,t,2022-06-28 11:47:52.568093+05:30,2022-06-28 11:47:52.568137+05:30,1,,158
48,SUPERWAYS_E,SUPERWAYS,9812547895,9812547895,"",superways_e@gmail.com,t,2022-06-28 11:48:31.419638+05:30,2022-06-28 11:48:31.419657+05:30,1,,159
49,ANSHUMAN_HE,ANSHUMAN & CO.,9812547895,9812547895,"",anshuman_he@gmail.com,t,2022-06-28 11:49:39.417803+05:30,2022-06-28 11:49:39.417841+05:30,1,,149
50,ANSHUMAN_HW,ANSHUMAN & CO.,9812547895,9812547895,"",anshuman_hw@gmail.com,t,2022-06-28 11:50:17.660209+05:30,2022-06-28 11:50:17.660269+05:30,1,,150
51,ANSHUMAN_KE,ANSHUMAN & CO.,9812547895,9812547895,"",anshuman_ke@gmail.com,t,2022-06-28 11:50:45.599783+05:30,2022-06-28 11:50:45.599812+05:30,1,,151
52,ANSHUMAN_KW,ANSHUMAN & CO.,9812547895,9812547895,"",anshuman_kw@gmail.com,t,2022-06-28 11:51:08.162341+05:30,2022-06-28 11:51:08.162381+05:30,1,,152
53,ANSHUMAN_PN,ANSHUMAN & CO.,9812547895,9812547895,"",anshuman_pn@gmail.com,t,2022-06-28 11:51:43.725035+05:30,2022-06-28 11:51:43.72507+05:30,1,,153
57,PWG_RS,PWG,9812547895,9812547895,"",pwg_rs@gmail.com,t,2022-07-01 18:24:39.743917+05:30,2022-07-01 18:24:39.743951+05:30,1,,166
58,DemoContractor,DemoCompany,7506888114,9619235092,"",utkarshlikhar@gmail.com,f,2022-07-15 13:40:34.694065+05:30,2022-07-15 13:40:34.694092+05:30,1,,109
59,UtkarshEthanMarkParthAjit,QDnet,7506888166,9619235066,"",ulpk@email.com,f,2022-07-15 17:36:18.171854+05:30,2022-07-15 17:36:18.171871+05:30,1,,177
